Id,Surname,FirstName,DateOfBirth,HireDate,Department,Email,PhoneNumber,
,Norton,Robert,1967-12-10,2018-09-19,1robertnorton@gmail.com,0763454546,
,Stanning,Adam,1983-04-13,2005-06-12,2,adamstanning@yahoo.com,0345678110,
,Weston,Melissa,1978-02-05,2007-07-15,3,melissaweston@gmail.com,07917698469,
,Cartwright,Alejandra,1963-09-07,2010-12-08,1,alejatndracartwright@parker.com,07753643657,
,Orton,Matthew,1975-12-08,2011-01-15,5,mattheworton@gmail.com,075462675,
,Moto,Jeffery,1973-04-30,2005-07-08,4,jefferymoto@hotmail.com,0757464559,
,Yardley,Vicki,1966-12-28,2014-02-09,1,vickyyardley@hotmail.com,0567346567,
,Boor,Wesley,1962-05-27,2006-08-06,1,wesleyboor@gmail.com,07157385688,
,Ison,Sarah,1980-04-08,2012-10-19,2,sarahison@yahoo.com,07575675667
,Miller,Julie,1967-03-21,2021-05-19,3,juliemiller@yahoo.com,0755675644290,
,Ceceil,Noah,1988-02-22,2023-06-12,4,noahceceil@yahoo.com,023565765756,